[
  {
    "verb": "POST",
    "url": "/admin/user_delete"
  },
  {
    "verb": "POST",
    "url": "/admin/user_update"
  },
  {
    "verb": "POST",
    "url": "/admin/user_insert"
  },
  {
    "verb": "POST",
    "url": "/login_test"
  },
  {
    "verb": "POST",
    "url": "/register_test"
  },
  {
    "verb": "POST",
    "url": "/save_loadout"
  },
  {
    "verb": "POST",
    "url": "/logout"
  },
  {
    "verb": "WEBSOCKET",
    "url": "/queue_wait"
  },
  {
    "verb": "WEBSOCKET",
    "url": "/matchmaker"
  },
  {
    "verb": "WEBSOCKET",
    "url": "/gameplay_ws"
  },
  {
    "verb": "POST",
    "url": "/change_loadout_name"
  },
  {
    "verb": "GET"
  }
]