{ "height":14,
 "hexsidelength":70,
 "layers":[
        {
         "data":[23, 23, 23, 23, 23, 23, 23, 23, 23, 23, 23, 23, 23, 23, 23, 23, 23, 23, 23, 23, 23, 23, 23, 23, 23, 23, 23, 23, 23, 23, 133, 23, 23, 23, 23, 23, 23, 101, 101, 23, 165, 133, 133, 133, 23, 101, 23, 23, 23, 23, 101, 23, 23, 165, 136, 133, 101, 23, 23, 23, 133, 133, 165, 23, 23, 133, 133, 133, 23, 23, 23, 23, 133, 133, 133, 23, 23, 23, 23, 23, 23, 133, 133, 133, 133, 23, 23, 101, 23, 101, 23, 23, 101, 133, 184, 133, 23, 23, 23, 23, 23, 23, 23, 23, 165, 133, 133, 133, 23, 23, 23, 23, 23, 23, 23, 23, 165, 165, 133, 133, 23, 23, 23, 23, 23, 23, 23, 23, 23, 23, 23, 23, 23, 23, 23, 23, 23, 23, 23, 23, 23, 23, 103, 23, 23, 23, 23, 23, 23, 23, 23, 23, 23, 23, 103, 23, 23, 23, 23, 23, 23, 23, 23, 23, 23, 23, 103, 23, 23, 23, 23, 23, 23, 23, 23, 23, 23, 23, 103, 23, 23, 23, 23, 23, 23, 23, 23, 23, 23, 23, 103, 23, 23, 23, 23, 23, 23, 23, 23, 23, 23, 23, 103, 23, 23, 23, 23, 23, 23, 23, 23, 23, 23, 23, 23, 23],
         "height":14,
         "name":"Tile Layer 1",
         "opacity":1,
         "type":"tilelayer",
         "visible":true,
         "width":18,
         "x":0,
         "y":0
        }],
 "nextobjectid":1,
 "orientation":"hexagonal",
 "renderorder":"right-down",
 "staggeraxis":"y",
 "staggerindex":"odd",
 "tileheight":140,
 "tilesets":[
        {
         "columns":10,
         "firstgid":1,
         "image":"hexagonAll_sheet.png",
         "imageheight":2048,
         "imagewidth":2048,
         "margin":0,
         "name":" ",
         "spacing":2,
         "tilecount":234,
         "tileheight":140,
         "tilewidth":120
        }],
 "tilewidth":120,
 "version":1,
 "width":18
}