{ "height":18,
 "hexsidelength":70,
 "layers":[
        {
         "data":[22, 22, 22, 22, 22, 22, 22, 22, 22, 22, 22, 22, 22, 22, 22, 22, 22, 22, 22, 22, 22, 22, 22, 22, 22, 22, 22, 22, 22, 22, 133, 22, 22, 22, 22, 22, 22, 101, 101, 22, 165, 133, 133, 133, 22, 101, 22, 22, 22, 22, 101, 22, 22, 165, 136, 133, 101, 22, 22, 22, 133, 133, 165, 22, 22, 133, 133, 133, 22, 22, 22, 22, 133, 133, 133, 22, 22, 22, 22, 22, 22, 133, 133, 133, 133, 22, 22, 101, 22, 101, 22, 22, 101, 133, 184, 133, 22, 22, 22, 22, 22, 22, 22, 22, 165, 133, 133, 133, 22, 22, 22, 22, 22, 22, 22, 22, 165, 165, 133, 133, 22, 22, 22, 22, 22, 22, 22, 22, 22, 22, 22, 22, 22, 22, 22, 22, 22, 22, 22, 22, 22, 22, 103, 22, 22, 22, 22, 22, 22, 22, 22, 22, 22, 22, 103, 22, 22, 22, 22, 22, 22, 22, 22, 22, 22, 22, 103, 22, 22, 22, 22, 22, 22, 22, 22, 22, 22, 22, 103, 22, 22, 22, 22, 22, 22, 22, 22, 22, 22, 22, 103, 22, 22, 22, 22, 22, 22, 22, 22, 22, 22, 22, 103, 22, 22, 22, 22, 22, 22, 22, 22, 22, 22, 22, 22, 22],
         "height":18,
         "name":"Tile Layer 1",
         "opacity":1,
         "type":"tilelayer",
         "visible":true,
         "width":12,
         "x":0,
         "y":0
        }],
 "nextobjectid":1,
 "orientation":"hexagonal",
 "renderorder":"right-down",
 "staggeraxis":"y",
 "staggerindex":"odd",
 "tileheight":140,
 "tilesets":[
        {
         "columns":16,
         "firstgid":1,
         "image":"hexagonAll_sheet.png",
         "imageheight":2048,
         "imagewidth":2048,
         "margin":0,
         "name":" ",
         "spacing":2,
         "tilecount":224,
         "tileheight":140,
         "tilewidth":120
        }],
 "tilewidth":120,
 "version":1,
 "width":12
}